"0","# complete the code to generate the plot"
"0",""
"0","ggplot(playlist_data) +"
"0",""
"0","aes(x=Age,y=Rating) +"
"0",""
"0","?geom_point() "
"1","[1m[33mError[39m in [38;5;232m`ggplot_add()`[39m:[22m
[33m![39m Can't add ``?`(geom_point())` to a ggplot object.
Backtrace:
[90m 1. [39mggplot2:::`+.gg`(...)
[90m 2. [39mggplot2:::add_ggplot(e1, e2, e2name)
[90m 4. [39m[38;5;232m[1m[94mggplot2:::ggplot_add.default([38;5;232m[22m[39mobject, p, objectname[38;5;232m[1m[94m)[38;5;232m[22m[39m
"
